nama_produk;harga;diskon;harga_diskon;terjual;kota
MINISO Sandal Pria dan Wanita Bath Slippers Sandal Karet Wanita EVA Solnya Empuk Super Anti Selip【Produk Cacat】;Rp59.900;60%;Rp23.900;10RB+ Terjual;KOTA JAKARTA UTARA
MINISO BODY MIST / Garden of Eden Body Spray 150mL / PARFUM UNISEX BUNGA dan BUAH / PARFUM WANITA / PERFUME PRIA;;87%;Rp25.900 - Rp29.900;10RB+ Terjual;KOTA JAKARTA UTARA
Miniso Tas Selempang Wanita Semicircular Hardware Sling Bag Women Tas Cewek Kekinian Tas Selempang Gesper Logam Rantai Shoulder Bag Office;;52%;Rp62.000 - Rp69.900;10RB+ Terjual;KOTA JAKARTA UTARA
MINISO Sandal Wanita Terbaru Sendal Wanita Kekinian Dan Pria EVA Bathroom Slippers Modis Tidak Licin sandal jelly;Rp89.900;56%;Rp39.900;5,3RB Terjual;KOTA JAKARTA UTARA
MINISO Botol Minum We Bare Bears Tumbler Tempat Air Minum Sedotan Straw 550ml Gelas Water Bottle Tumblr Wadah Penyimpanan Anak Perempuan Laki Sekolah Travel Sport Olahraga Plastik Lucu Karakter Motif Kartun Premium Portable Ringan;Rp99.900;60%;Rp39.900;4RB Terjual;KOTA JAKARTA UTARA
MINISO Bantal Solid Color Bantal Leher U-shaped Neck Pillow Bantal Leher Bantal Kepala Travel Bantal Leher Travel Pillow Bantal Mobil Portable Pillow Bantal Portabel;Rp109.900;55%;Rp49.900;10RB+ Terjual;KOTA JAKARTA UTARA
MINISO Sandal Pria Sandal Wanita Sendal Bath Slippers Sandal Kamar Mandi Sandal Karet Pria Bahan EVA Solnya Empuk Super Anti Selip;;55%;Rp26.900 - Rp29.900;10RB+ Terjual;KOTA JAKARTA UTARA
MINISO Sendal Slop Sandal Wanita Rumah Slipper Sepatu Sendal Wanita Kekinian Selop Comfortable Nyaman Flip Flop Sandal Rumah Berkualitas EVA Sandal Kamar Mandi Berbahan Empuk Sandal Karet Couple Polos;Rp99.900;70%;Rp29.900;10RB+ Terjual;KOTA JAKARTA UTARA
MINISO Sendal Wanita Sandal Wanita Kekinian Women's Flip-Flops Sandal Jepit 【Produk Cacat】;Rp79.900;70%;Rp23.900;949 Terjual;KOTA JAKARTA UTARA
MINISO Body Mist 150ml fragrance spray tahan lama Natural Series Eau de body spray Parfum Parfum Vanilla Perfum Spray Pengharum Badan Unisex;;42%;Rp25.900 - Rp29.900;10RB+ Terjual;KOTA JAKARTA UTARA
MINISO Tas Selempang Wanita Tas Selempang Import Crossbody Bag Tas Original Wanita HitamTas Bahu  Pola Batu Dengan Flap Slingbag Pola Batu Mode Tahan Air Polyester;;71%;Rp69.900 - Rp75.900;6RB Terjual;KOTA JAKARTA UTARA
MINISO Tas Selempang Crossbody Bag Tas Wanita Tas Pundak PVC Mode Tahan Air Tali Bahu Yang Bisa Disesuaikan;Rp199.900;60%;Rp79.900;3,8RB Terjual;KOTA JAKARTA UTARA
Miniso official Parfum Wanita Heartful Ladies Eud Perfume Romantic and Sweet Fragrance minyak wangi cewek;Rp89.900;44%;Rp49.900;10RB+ Terjual;KOTA JAKARTA UTARA
Miniso kutek cat kuku berminyak Tidak beracun Nail Polish bening + warna cat kuku halal bisa buat sholat muslimah;;70%;Rp11.900 - Rp15.900;10RB+ Terjual;KOTA JAKARTA UTARA
MINISO Dompet Wanita Dompet Pendek Wanita Lipat Tiga Fashion hewan lucu desain segar bit kartu kapasitas besar;;57%;Rp59.900 - Rp65.900;10RB+ Terjual;KOTA JAKARTA UTARA
Miniso Official sisir rambut wanita cushion hair brush comb catokan sisir;;78%;Rp25.900 - Rp29.900;10RB+ Terjual;KOTA JAKARTA UTARA
Miniso Official Tas Pouch Kosmetik Polos Simple Shell Shaped Cosmetic Bag Tas Wanita Tas Kosmetik;Rp49.900;40%;Rp29.900;10RB+ Terjual;KOTA JAKARTA UTARA
Miniso Official tas hp wanita tas selempang Rantai Mini Pocket Sling Bag Tote Bag Handbag Shoulder Bag Pesta Bahan Kulit PVC Leather Premium taskorea/Tas handphone/pocket hp;Rp139.900;48%;Rp72.900;10RB+ Terjual;KOTA JAKARTA UTARA
MINISO KUTEK HALAL peel off cat kuku Fun Paint 2022 terbaru warna Glitter/Mental/Pearl Nail Polish kutek brasov;Rp39.900;65%;Rp13.900;10RB+ Terjual;KOTA JAKARTA UTARA
Miniso official Body Mist Parfum Fragrance Mist Perfum Spray Wanita Pria 100ml Pengharum Badan;;60%;Rp19.900 - Rp24.900;10RB+ Terjual;KOTA JAKARTA UTARA
MINISO - Keranjang Penyimpanan Tempat Penyimpanan Kamar Mandi Multifungsi Keranjang;Rp39.900;68%;Rp12.900;8,8RB Terjual;KOTA JAKARTA UTARA
Miniso Parfum Wanita 50mL minyak wangi tahan lama Cityscape perfume Elegant and refreshing lady perfume OriginaI parfum cewek;;6%;Rp74.900 - Rp79.800;10RB+ Terjual;KOTA JAKARTA UTARA
Miniso Official Music Earphone Colorful Capsule Headphones Noise Cancelling Awet Handsfree Earphone;;74%;Rp25.900 - Rp28.900;10RB+ Terjual;KOTA JAKARTA UTARA
Miniso Official parfum wanita Wild Strawberry minyak wangi cewek EDT eau de toilette tahan lama;Rp239.600;75%;Rp59.900;10RB+ Terjual;KOTA JAKARTA UTARA
MINISO Tas Wanita Tas Slempang Wanita Classic Tas Ootd Elizabeth Shoulder Dengan Twist Lock Slinbag Wanita Shoulder Bag;Rp189.900;63%;Rp69.900;1,6RB Terjual;KOTA JAKARTA UTARA
MINISO Boneka Seri TOY Story Lotso Bear Strawberry Plush Toy Boneka Lucu;;57%;Rp129.900 - Rp159.900;3RB Terjual;KOTA JAKARTA UTARA
Miniso Official Boneka Small Penguin Plush Toy Boneka Lucu mainan anak boneka lucu lembut boneka gemoy boneka import boneka anak Hadiah Ulang Tahun Kado anak Kado untuk cewek Hadiah untuk cowok Kado Natal;;73%;Rp69.900 - Rp74.900;7,4RB Terjual;KOTA JAKARTA UTARA
Miniso Official botol kaca 350ml botol air minum portable Jerami gandum telescopic lifting rope wheat glass [SBS];;84%;Rp24.900 - Rp29.900;10RB+ Terjual;KOTA JAKARTA UTARA
MINISO Kotak Penyimpanan dengan Tutup Storage Box with Lid Cosmetic Box Candy Bin 12x10x8cm;Rp99.900;85%;Rp14.900;10RB+ Terjual;KOTA JAKARTA UTARA
MINISO Dompet Lipat Pria Fashion Dompet Pendek Lelaki Kecil Wallet Simple Keren Bahan Premium;Rp89.900;44%;Rp49.900;10RB+ Terjual;KOTA JAKARTA UTARA
MINISO Kotak Makan Tempat We Bare Bears Lucu Penyimpanan Makanan 4 Pcs Set Dapur Kulkas Food Storage;;52%;Rp39.900 - Rp42.900;10RB+ Terjual;KOTA JAKARTA UTARA
MINISO - Botol Minum Kaca 300ml Botol Air Minum Kecil BPA Free Kaca Botol Air Panas Botol Olahraga Botol Minum Anak;Rp59.900;53%;Rp27.900;2,5RB Terjual;KOTA JAKARTA UTARA
MINISO Boneka Bantal Guling Lucu Lembut Plush Mainan Boneka Mainan Mewah Bantal Bayi Doll Mini Plush Toy Hadiah Ulang Tahun Kado anak Kado untuk cewek Hadiah untuk cowok Kado Natal;;68%;Rp69.900 - Rp89.900;2,5RB Terjual;KOTA JAKARTA UTARA
Miniso Parfum Pria 50ml Garden of Mirror Parfum Eau De Parfum Tahan Lama Farfum Laki Laki Parfum EDP;Rp89.900;17%;Rp74.900;10RB+ Terjual;KOTA JAKARTA UTARA
Miniso Official Parfum Wanita Eternal Faith Lady Perfume Isi 50ml;Rp89.900;22%;Rp69.900;10RB+ Terjual;KOTA JAKARTA UTARA
Miniso Parfum Wanita 50mL Ballerina Eau De Toilette Pink Romance Lady Perfume Vanilla;Rp159.900;50%;Rp79.900;10RB+ Terjual;KOTA JAKARTA UTARA
MINISO Botol Minum We Bare Bears Botol Air Minum 500ml Botol Air Dingin Plastik Botol Minum Botol Olahraga Botol Anak;;63%;Rp21.900 - Rp29.900;10RB+ Terjual;KOTA JAKARTA UTARA
Miniso Official Parfum Wanita Sparkle Eau De Toilette Perfume Fashion Tahan Lama Farfum Travel Size;;55%;Rp35.900 - Rp39.900;10RB+ Terjual;KOTA JAKARTA UTARA
MINISO Tas Penyimpanan Travel Bag Multifungsi Baju Praktis Organizer Pouch Makeup Organizer;;48%;Rp25.900 - Rp29.900;10RB+ Terjual;KOTA JAKARTA UTARA
MINISO Parfum Wanita 30ml Perfume Harmony Perempuan Cewek Parfume Farfum Wanita Tahan Lama Dan Wangi Perfume Wome OriginaI Minyak Wangi Wanita;Rp119.900;53%;Rp55.900;10RB+ Terjual;KOTA JAKARTA UTARA
MINISO - Tempat Sampah Kecil We Bare Bear Kotak Keranjang Sampah Plastik Mini Trash Bin Tong Sampah Meja;;63%;Rp21.900 - Rp24.900;3,8RB Terjual;KOTA JAKARTA UTARA
MINISO Tas Kosmetik Cosmetic Bag Tas Alat Makeup Tas Make Up Paket Perjalanan Anti Air Kapasitas Besar Tahan Air Bentuk Berbilang;Rp59.900;50%;Rp29.900;5,2RB Terjual;KOTA JAKARTA UTARA
MINISO Kotak Makan Bento Lunchbox 510ml Tempat Bekal Makan Kotak Bekal Makan Siang Kecil Kotak Makan;Rp59.900;58%;Rp24.900;943 Terjual;KOTA JAKARTA UTARA
MINISO Facial Cotton Pad 1000pcs Kapas Tipis Pembersih Makeup Make Up Bantalan Kapas Kotak Kapas Pembersih Wajah Kapas Kecantikan;Rp49.833;40%;Rp29.900;10RB+ Terjual;KOTA JAKARTA UTARA
MINISO Dompet Wanita Women's Trifold Wallet Pendek Wanita Lipat Tiga Seru Hewan Rancangan Mode Muda Bit Kartu Kapasitas Besar;;62%;Rp53.000 - Rp59.900;8,5RB Terjual;KOTA JAKARTA UTARA
MINISO Parfum Wanita 30ml Lady Perfume EDT Wild Strawberry British Pear Tahan Lama Awet Farfum Wanita;Rp119.900;62%;Rp45.900;10RB+ Terjual;KOTA JAKARTA UTARA
MINISO Teko Teapot Set Teh Sederhana 5pcs/set Teh Ketel Kaca Teapot dengan 4pcs Gelas Praktis Kantor Set Teapot 700ml Volume Besar [SBS];;50%;Rp49.900 - Rp59.900;10RB+ Terjual;KOTA JAKARTA UTARA
MINISO Official Selimut We Bare Bears Topi Selimut Dan Bantal Karakter Office Air Conditioner Hooded Blanket Cloth;;50%;Rp79.900 - Rp109.900;10RB+ Terjual;KOTA JAKARTA UTARA
